fp_color_id,wavelength_nm,remission
H055_L060_C085,380,0.05249999836
H055_L060_C085,390,0.0474999994
H055_L060_C085,400,0.04199999943
H055_L060_C085,410,0.03830000013
H055_L060_C085,420,0.03350000083
H055_L060_C085,430,0.02979999967
H055_L060_C085,440,0.02810000069
H055_L060_C085,450,0.02690000087
H055_L060_C085,460,0.02639999986
H055_L060_C085,470,0.02740000002
H055_L060_C085,480,0.02730000019
H055_L060_C085,490,0.02759999968
H055_L060_C085,500,0.03200000152
H055_L060_C085,510,0.03770000115
H055_L060_C085,520,0.03500000015
H055_L060_C085,530,0.03310000151
H055_L060_C085,540,0.05119999871
H055_L060_C085,550,0.1084000021
H055_L060_C085,560,0.2159000039
H055_L060_C085,570,0.3603000045
H055_L060_C085,580,0.4873000085
H055_L060_C085,590,0.5637000203
H055_L060_C085,600,0.6007000208
H055_L060_C085,610,0.617299974
H055_L060_C085,620,0.6248000264
H055_L060_C085,630,0.6294000149
H055_L060_C085,640,0.6352999806
H055_L060_C085,650,0.6409999728
H055_L060_C085,660,0.6470999718
H055_L060_C085,670,0.6517999768
H055_L060_C085,680,0.6539999843
H055_L060_C085,690,0.6553999782
H055_L060_C085,700,0.6586999893
H055_L060_C085,710,0.6625999808
H055_L060_C085,720,0.668299973
H055_L060_C085,730,0.6783000231
